supplier,week,transporter,quantity,loss_rate
S007,1,T2,27.9,0.7092
S007,2,T8,139.5,0.0
S007,3,T8,67.5,0.0
S007,4,T8,126.0,0.0
S007,5,T4,25.2,0.0
S007,6,T3,27.0,0.0
S007,7,T4,24.3,0.0
S007,8,T5,19.8,0.0
S007,9,T4,19.8,0.0
S007,10,T3,21.6,0.0
S007,11,T8,18.9,0.5085
S007,12,T3,21.6,0.0
S007,13,T5,23.4,0.0
S007,14,T4,20.7,0.0
S007,15,T4,24.3,0.0598
S007,16,T4,24.3,0.2242
S007,17,T6,21.6,0.0338
S007,18,T5,24.3,0.0
S007,19,T4,18.9,0.0
S007,20,T4,20.7,0.0
S007,21,T3,20.7,0.0647
S007,22,T3,18.0,0.0
S007,23,T4,19.8,0.0
S007,24,T6,27.0,0.0
S123,1,T2,34.2,0.7092
S123,2,T4,29.7,0.0
S123,3,T8,32.4,0.0
S123,4,T4,31.5,0.0
S123,5,T5,38.7,0.0
S123,6,T5,40.5,0.0
S123,7,T4,27.0,0.0
S123,8,T5,30.6,0.0
S123,9,T6,28.8,0.0254
S123,10,T3,33.3,0.0
S123,11,T6,30.6,0.0169
S123,12,T6,54.0,0.018
S123,13,T4,31.5,0.0
S123,14,T6,34.2,0.0042
S123,15,T6,70.2,0.007400000000000001
S123,16,T3,35.1,0.0
S123,17,T6,78.3,0.0338
S123,18,T3,38.7,0.0
S123,19,T4,30.6,0.0
S123,20,T5,27.9,0.0
S123,21,T4,28.8,0.0
S123,22,T5,36.9,0.0
S123,23,T4,102.6,0.0
S123,24,T3,35.1,0.0
S143,1,T6,611.1,0.0106
S143,2,T5,610.2,0.0
S143,3,T4,605.7,0.0
S143,4,T5,607.5,0.0
S143,5,T5,689.4,0.0
S143,6,T3,699.3,0.0
S143,7,T5,645.3,0.0
S143,8,T4,621.9,0.0
S143,9,T3,792.0,0.0
S143,10,T6,619.2,0.0254
S143,11,T3,496.2,0.0647
S143,11,T8,87.9,0.5085
S143,12,T6,755.1,0.018
S143,13,T6,676.8,0.014800000000000002
S143,14,T8,685.8,0.5085
S143,15,T3,597.6,0.0324
S143,16,T3,682.2,0.0
S143,17,T6,659.7,0.0338
S143,18,T3,670.8,0.0
S143,18,T5,42.9,0.0
S143,19,T4,523.8,0.0
S143,20,T5,657.9,0.0
S143,21,T5,2268.9,0.0
S143,22,T4,754.2,0.0
S143,23,T4,503.1,0.0
S143,24,T4,331.8,0.0
S143,24,T6,488.1,0.0
S189,1,T7,71.1,0.9783
S189,2,T5,57.6,0.0
S189,3,T6,66.6,0.0454
S189,4,T3,71.1,0.0
S189,5,T3,78.3,0.1295
S189,6,T4,75.6,0.0
S189,7,T4,73.8,0.0
S189,8,T3,72.9,0.0
S189,9,T3,69.3,0.0
S189,10,T6,73.8,0.0254
S189,11,T8,104.4,0.5085
S189,12,T6,79.2,0.018
S189,13,T4,76.5,0.0
S189,14,T4,95.4,0.0
S189,15,T6,73.8,0.007400000000000001
S189,16,T3,75.6,0.0
S189,17,T6,76.5,0.0338
S189,18,T5,65.7,0.0
S189,19,T4,58.5,0.0
S189,20,T5,65.7,0.0
S189,21,T5,79.2,0.0
S189,22,T5,83.7,0.0
S189,23,T4,73.8,0.0
S189,24,T6,72.0,0.0
S221,1,T2,5.4,0.7092
S221,2,T8,0.9,0.0
S221,3,T6,4.5,0.0454
S221,5,T5,6.3,0.0
S221,6,T3,0.9,0.0
S221,7,T4,4.5,0.0
S221,9,T6,4.5,0.0254
S221,10,T6,2.7,0.0254
S221,11,T2,4.5,0.8865
S221,12,T3,1.8,0.0
S221,13,T4,6.3,0.0
S221,14,T6,0.9,0.0042
S221,15,T3,8.1,0.0324
S221,16,T4,6.3,0.2242
S221,17,T2,5.4,0.1773
S221,19,T3,6.3,0.0324
S221,20,T3,0.9,0.0
S221,21,T4,3.6,0.0
S221,23,T4,3.6,0.0
S221,24,T6,0.9,0.0
S229,1,T4,2140.2,0.0
S229,2,T4,1314.9,0.0
S229,3,T5,1221.3,0.0
S229,4,T4,1181.7,0.0
S229,5,T4,1314.9,0.0
S229,6,T4,1423.8,0.0
S229,7,T5,1393.2,0.0
S229,8,T4,1800.0,0.0
S229,9,T4,1923.3,0.0
S229,10,T6,1692.9,0.0254
S229,11,T4,198.3,0.2755
S229,11,T6,1247.1,0.0169
S229,12,T3,1956.6,0.0
S229,13,T5,2832.3,0.0
S229,14,T4,1571.4,0.0
S229,15,T4,1439.1,0.0598
S229,16,T3,1477.8,0.0
S229,17,T2,1564.2,0.1773
S229,18,T5,1572.3,0.0
S229,19,T4,2142.0,0.0
S229,20,T4,1980.9,0.0
S229,21,T3,2441.7,0.0647
S229,22,T5,2288.7,0.0
S229,23,T6,1925.1,0.0
S229,24,T4,1894.5,0.0
S266,1,T6,25.2,0.0106
S266,2,T5,24.3,0.0
S266,3,T8,27.0,0.0
S266,4,T8,27.0,0.0
S266,5,T5,29.7,0.0
S266,6,T4,30.6,0.0
S266,7,T4,24.3,0.0
S266,8,T3,27.0,0.0
S266,9,T4,27.0,0.0
S266,10,T3,27.9,0.0
S266,11,T4,24.3,0.2755
S266,12,T3,28.8,0.0
S266,13,T4,29.7,0.0
S266,14,T4,30.6,0.0
S266,15,T4,30.6,0.0598
S266,16,T3,30.6,0.0
S266,17,T6,33.3,0.0338
S266,18,T5,29.7,0.0
S266,19,T4,28.8,0.0
S266,20,T4,30.6,0.0
S266,21,T5,30.6,0.0
S266,22,T5,32.4,0.0
S266,23,T3,35.1,0.1295
S266,24,T6,32.4,0.0
S275,1,T7,606.6,0.9783
S275,2,T3,659.7,0.0
S275,3,T6,738.9,0.0454
S275,4,T4,691.2,0.0
S275,5,T1,846.9,1.1194
S275,6,T4,847.8,0.0
S275,7,T3,662.4,0.0324
S275,8,T5,664.2,0.0
S275,9,T3,230.1,0.0
S275,9,T4,582.6,0.0
S275,10,T3,682.2,0.0
S275,11,T8,647.1,0.5085
S275,12,T3,739.8,0.0
S275,13,T4,290.1,0.0
S275,13,T5,457.8,0.0
S275,14,T4,869.4,0.0
S275,15,T6,774.9,0.007400000000000001
S275,16,T4,744.3,0.2242
S275,17,T3,815.4,0.0971
S275,18,T5,678.6,0.0
S275,19,T6,680.4,0.007400000000000001
S275,20,T3,798.3,0.0
S275,21,T4,698.4,0.0
S275,22,T5,626.4,0.0
S275,23,T5,747.9,0.0
S275,24,T4,749.7,0.0
S282,1,T2,373.5,0.7092
S282,2,T3,232.2,0.0
S282,3,T8,186.3,0.0
S282,4,T4,145.8,0.0
S282,5,T1,162.9,1.1194
S282,6,T3,272.7,0.0
S282,7,T4,403.2,0.0
S282,8,T5,562.5,0.0
S282,9,T6,693.0,0.0254
S282,10,T3,60.0,0.0
S282,10,T4,714.0,0.24979999999999997
S282,11,T8,798.3,0.5085
S282,12,T3,709.5,0.0
S282,12,T4,132.9,0.0705
S282,13,T4,961.2,0.0
S282,14,T6,972.9,0.0042
S282,14,T8,34.2,0.5085
S282,15,T3,944.1,0.0324
S282,16,T6,969.3,0.0169
S282,17,T6,1052.1,0.0338
S282,18,T3,1101.6,0.0
S282,19,T6,1208.7,0.007400000000000001
S282,20,T5,1522.8,0.0
S282,21,T4,856.2,0.0
S282,21,T5,695.4,0.0
S282,22,T3,1485.9,0.0
S282,23,T6,1209.6,0.0
S282,24,T6,728.1,0.0
S329,1,T2,739.8,0.7092
S329,2,T5,637.2,0.0
S329,3,T8,758.7,0.0
S329,4,T3,685.8,0.0
S329,5,T4,832.5,0.0
S329,6,T3,563.1,0.0
S329,6,T4,310.8,0.0
S329,7,T3,694.8,0.0324
S329,8,T4,661.5,0.0
S329,9,T4,760.5,0.0
S329,10,T4,711.9,0.24979999999999997
S329,11,T8,639.0,0.5085
S329,12,T3,701.1,0.0
S329,13,T4,746.1,0.0
S329,14,T6,782.1,0.0042
S329,15,T4,793.8,0.0598
S329,16,T4,386.4,0.2242
S329,16,T6,320.1,0.0169
S329,17,T6,689.4,0.0338
S329,18,T6,738.9,0.0042
S329,19,T4,736.2,0.0
S329,20,T3,828.0,0.0
S329,21,T5,684.0,0.0
S329,22,T5,808.2,0.0
S329,23,T3,501.3,0.1295
S329,23,T6,193.5,0.0
S329,24,T6,771.3,0.0
S352,1,T6,449.1,0.0106
S352,2,T5,482.4,0.0
S352,3,T8,537.3,0.0
S352,4,T4,530.1,0.0
S352,5,T4,629.1,0.0
S352,6,T4,623.7,0.0
S352,7,T5,539.1,0.0
S352,8,T4,518.4,0.0
S352,9,T3,572.4,0.0
S352,10,T4,575.1,0.24979999999999997
S352,11,T8,506.7,0.5085
S352,12,T8,480.6,0.678
S352,13,T4,495.9,0.0
S352,14,T4,550.8,0.0
S352,15,T6,603.0,0.007400000000000001
S352,16,T3,576.0,0.0
S352,17,T6,555.3,0.0338
S352,18,T5,557.1,0.0
S352,19,T6,524.7,0.007400000000000001
S352,20,T4,530.1,0.0
S352,21,T4,471.6,0.0
S352,22,T4,496.8,0.0
S352,23,T5,505.8,0.0
S352,24,T6,514.8,0.0
S395,1,T7,3373.2,0.9783
S395,9,T6,806.4,0.0254
S395,10,T3,2820.6,0.0
S395,11,T6,1827.9,0.0169
S395,12,T4,5363.1,0.0705
S395,12,T8,296.1,0.678
S395,13,T4,3.6,0.0
S395,14,T3,4526.7,0.0
S395,14,T6,2368.2,0.0042
S395,15,T3,2573.4,0.0324
S395,15,T6,1139.1,0.007400000000000001
S395,16,T6,1088.1,0.0169
S395,17,T2,2895.6,0.1773
S395,17,T3,1707.9,0.0971
S395,17,T4,1028.7,0.2157
S395,18,T3,1329.3,0.0
S395,19,T3,114.6,0.0324
S395,19,T6,155.4,0.007400000000000001
S395,20,T6,832.5,0.0
S395,21,T4,44.1,0.0
S395,22,T3,117.0,0.0
S395,23,T5,522.9,0.0
S395,24,T6,539.1,0.0
S031,1,T7,162.0,0.9783
S031,2,T3,170.1,0.0
S031,3,T5,193.5,0.0
S031,4,T3,180.9,0.0
S031,5,T3,198.0,0.1295
S031,6,T5,212.4,0.0
S031,7,T4,180.0,0.0
S031,8,T3,198.0,0.0
S031,9,T4,187.2,0.0
S031,10,T3,184.5,0.0
S031,11,T8,171.9,0.5085
S031,12,T6,195.3,0.018
S031,13,T4,188.1,0.0
S031,14,T4,191.7,0.0
S031,15,T4,186.3,0.0598
S031,16,T3,195.3,0.0
S031,17,T3,217.8,0.0971
S031,18,T3,194.4,0.0
S031,19,T4,183.6,0.0
S031,20,T6,198.9,0.0
S031,21,T4,188.1,0.0
S031,22,T4,196.2,0.0
S031,23,T4,214.2,0.0
S040,1,T8,365.4,0.339
S040,2,T5,134.1,0.0
S040,3,T4,135.0,0.0
S040,4,T5,388.8,0.0
S040,5,T4,129.6,0.0
S040,6,T3,135.9,0.0
S040,7,T5,106.2,0.0
S040,8,T3,117.0,0.0
S040,9,T3,129.6,0.0
S040,10,T3,117.0,0.0
S040,11,T4,99.9,0.2755
S040,12,T6,106.2,0.018
S040,13,T4,121.5,0.0
S040,14,T4,117.9,0.0
S040,15,T6,116.1,0.007400000000000001
S040,16,T3,123.3,0.0
S040,17,T2,117.9,0.1773
S040,18,T5,136.8,0.0
S040,19,T4,113.4,0.0
S040,20,T6,124.2,0.0
S040,21,T3,114.3,0.0647
S040,22,T4,132.3,0.0
S040,23,T3,145.8,0.1295
S055,1,T2,67.5,0.7092
S055,2,T5,1094.4,0.0
S055,3,T8,67.5,0.0
S055,4,T5,68.4,0.0
S055,5,T1,72.0,1.1194
S055,6,T5,70.2,0.0
S055,7,T4,67.5,0.0
S055,8,T3,62.1,0.0
S055,9,T4,69.3,0.0
S055,10,T3,63.0,0.0
S055,11,T4,75.6,0.2755
S055,12,T6,64.8,0.018
S055,13,T5,57.6,0.0
S055,14,T4,76.5,0.0
S055,15,T4,68.4,0.0598
S055,16,T6,539.1,0.0169
S055,17,T6,63.0,0.0338
S055,18,T5,66.6,0.0
S055,19,T3,69.3,0.0324
S055,20,T3,62.1,0.0
S055,21,T5,65.7,0.0
S055,22,T3,60.3,0.0
S055,23,T4,72.0,0.0
S092,1,T2,4.5,0.7092
S092,2,T3,0.9,0.0
S092,3,T4,5.4,0.0
S092,5,T4,8.1,0.0
S092,6,T4,0.9,0.0
S092,7,T4,4.5,0.0
S092,9,T3,3.6,0.0
S092,10,T3,2.7,0.0
S092,11,T2,6.3,0.8865
S092,12,T4,0.9,0.0705
S092,13,T4,5.4,0.0
S092,14,T4,0.9,0.0
S092,15,T3,7.2,0.0324
S092,16,T6,7.2,0.0169
S092,17,T2,5.4,0.1773
S092,18,T3,1.8,0.0
S092,19,T6,6.3,0.007400000000000001
S092,21,T5,5.4,0.0
S092,23,T6,7.2,0.0
S098,1,T2,1.8,0.7092
S098,2,T8,1.8,0.0
S098,3,T8,3.6,0.0
S098,4,T8,2.7,0.0
S098,5,T1,2.7,1.1194
S098,6,T4,9.0,0.0
S098,7,T4,2.7,0.0
S098,8,T5,1.8,0.0
S098,9,T4,6.3,0.0
S098,10,T3,2.7,0.0
S098,11,T6,2.7,0.0169
S098,12,T6,3.6,0.018
S098,13,T5,3.6,0.0
S098,14,T4,1.8,0.0
S098,15,T3,4.5,0.0324
S098,16,T6,2.7,0.0169
S098,17,T6,2.7,0.0338
S098,18,T3,2.7,0.0
S098,19,T4,1.8,0.0
S098,20,T3,3.6,0.0
S098,21,T3,5.4,0.0647
S098,22,T3,3.6,0.0
S098,23,T4,1.8,0.0
S108,1,T2,735.3,0.7092
S108,2,T4,2948.1,0.0
S108,2,T5,4.2,0.0
S108,2,T8,4144.2,0.0
S108,3,T8,955.8,0.0
S108,4,T8,684.0,0.0
S108,5,T4,882.9,0.0
S108,6,T3,810.9,0.0
S108,7,T4,198.3,0.0
S108,7,T5,520.8,0.0
S108,8,T3,717.3,0.0
S108,9,T3,805.5,0.0
S108,10,T6,762.3,0.0254
S108,11,T4,711.0,0.2755
S108,12,T3,703.8,0.0
S108,13,T4,809.1,0.0
S108,14,T6,775.8,0.0042
S108,15,T6,855.9,0.007400000000000001
S108,16,T6,973.8,0.0169
S108,17,T3,854.1,0.0971
S108,18,T3,722.7,0.0
S108,19,T6,731.7,0.007400000000000001
S108,20,T3,727.2,0.0
S108,21,T4,801.0,0.0
S108,22,T5,768.6,0.0
S108,23,T4,948.6,0.0
S131,1,T2,610.2,0.7092
S131,1,T7,16.2,0.9783
S131,2,T5,629.1,0.0
S131,3,T4,724.5,0.0
S131,4,T5,771.3,0.0
S131,5,T5,912.6,0.0
S131,6,T4,803.7,0.0
S131,7,T4,675.0,0.0
S131,8,T3,44.4,0.0
S131,8,T4,629.7,0.0
S131,9,T6,706.5,0.0254
S131,10,T4,570.0,0.24979999999999997
S131,10,T6,123.0,0.0254
S131,11,T5,598.5,0.0
S131,12,T3,669.6,0.0
S131,13,T4,702.0,0.0
S131,14,T8,773.1,0.5085
S131,15,T6,684.9,0.007400000000000001
S131,16,T3,658.8,0.0
S131,17,T6,714.6,0.0338
S131,18,T6,645.3,0.0042
S131,19,T4,649.8,0.0
S131,20,T5,814.5,0.0
S131,21,T3,615.6,0.0647
S131,22,T5,560.7,0.0
S131,23,T6,566.1,0.0
S139,1,T6,3551.7,0.0106
S139,1,T8,5634.6,0.339
S139,2,T3,0.9,0.0
S139,3,T4,4292.7,0.0
S139,3,T5,3070.2,0.0
S139,3,T6,1292.4,0.0454
S139,4,T5,0.9,0.0
S139,5,T4,7.2,0.0
S139,6,T3,28.8,0.0
S139,7,T3,22.5,0.0324
S139,8,T3,29.7,0.0
S139,9,T4,31.5,0.0
S139,10,T3,12.6,0.0
S139,11,T4,18.9,0.2755
S139,12,T3,16.2,0.0
S139,13,T5,21.6,0.0
S139,14,T8,17.1,0.5085
S139,15,T6,25.2,0.007400000000000001
S139,16,T6,9.0,0.0169
S139,17,T3,22.5,0.0971
S139,18,T6,11.7,0.0042
S139,19,T4,23.4,0.0
S139,20,T3,10.8,0.0
S139,21,T5,17.1,0.0
S139,22,T5,14.4,0.0
S139,23,T5,22.5,0.0
S140,1,T2,1114.2,0.7092
S140,1,T3,6000.0,0.0
S140,1,T4,3859.8,0.0
S140,1,T5,5820.9,0.0
S140,3,T4,6.3,0.0
S140,4,T8,0.9,0.0
S140,5,T1,1638.0,1.1194
S140,5,T2,6000.0,1.0638
S140,5,T3,5533.8,0.1295
S140,5,T8,5991.9,1.0169
S140,6,T4,11.7,0.0
S140,7,T3,10.8,0.0324
S140,8,T5,11.7,0.0
S140,9,T3,15.3,0.0
S140,10,T4,5.4,0.24979999999999997
S140,11,T3,9.9,0.0647
S140,12,T6,4.5,0.018
S140,13,T4,10.8,0.0
S140,14,T8,6.3,0.5085
S140,15,T3,13.5,0.0324
S140,16,T6,10.8,0.0169
S140,17,T3,9.9,0.0971
S140,18,T3,4.5,0.0
S140,19,T3,9.9,0.0324
S140,20,T3,6.3,0.0
S140,21,T4,7.2,0.0
S140,22,T3,6.3,0.0
S140,23,T5,13.5,0.0
S169,1,T2,4.5,0.7092
S169,3,T6,4.5,0.0454
S169,5,T1,6.3,1.1194
S169,7,T4,4.5,0.0
S169,9,T6,4.5,0.0254
S169,10,T4,2.7,0.24979999999999997
S169,11,T3,6.3,0.0647
S169,12,T4,3.6,0.0705
S169,13,T4,2.7,0.0
S169,15,T4,7.2,0.0598
S169,16,T6,2.7,0.0169
S169,17,T6,7.2,0.0338
S169,18,T5,1.8,0.0
S169,19,T4,3.6,0.0
S169,20,T3,0.9,0.0
S169,21,T5,4.5,0.0
S169,23,T5,5.4,0.0
S174,1,T2,3.6,0.7092
S174,2,T5,0.9,0.0
S174,3,T5,3.6,0.0
S174,4,T5,0.9,0.0
S174,5,T4,5.4,0.0
S174,7,T4,5.4,0.0
S174,9,T6,2.7,0.0254
S174,10,T6,0.9,0.0254
S174,11,T8,3.6,0.5085
S174,12,T3,3.6,0.0
S174,13,T4,5.4,0.0
S174,15,T3,8.1,0.0324
S174,16,T6,3.6,0.0169
S174,17,T6,5.4,0.0338
S174,18,T5,1.8,0.0
S174,19,T4,4.5,0.0
S174,21,T4,6.3,0.0
S174,23,T6,6.3,0.0
S175,1,T7,2.7,0.9783
S175,2,T3,0.9,0.0
S175,3,T4,6.3,0.0
S175,4,T8,0.9,0.0
S175,5,T8,4.5,1.0169
S175,6,T4,0.9,0.0
S175,7,T4,4.5,0.0
S175,8,T5,0.9,0.0
S175,9,T6,4.5,0.0254
S175,10,T4,2.7,0.24979999999999997
S175,11,T8,2.7,0.5085
S175,12,T6,3.6,0.018
S175,13,T4,6.3,0.0
S175,14,T3,0.9,0.0
S175,15,T6,8.1,0.007400000000000001
S175,16,T6,6.3,0.0169
S175,17,T3,8.1,0.0971
S175,18,T5,0.9,0.0
S175,19,T3,6.3,0.0324
S175,20,T3,0.9,0.0
S175,21,T3,3.6,0.0647
S175,22,T3,0.9,0.0
S175,23,T4,2.7,0.0
S308,1,T6,693.9,0.0106
S308,2,T4,743.4,0.0
S308,3,T8,914.4,0.0
S308,4,T3,964.8,0.0
S308,5,T5,1033.2,0.0
S308,6,T4,1283.4,0.0
S308,7,T3,431.7,0.0324
S308,7,T4,363.0,0.0
S308,8,T5,977.4,0.0
S308,9,T4,803.7,0.0
S308,10,T3,962.1,0.0
S308,11,T6,1063.8,0.0169
S308,12,T6,705.6,0.018
S308,13,T5,1011.6,0.0
S308,14,T4,802.8,0.0
S308,15,T4,961.2,0.0598
S308,16,T4,925.2,0.2242
S308,17,T3,879.3,0.0971
S308,18,T5,866.7,0.0
S308,19,T4,817.2,0.0
S308,20,T3,1049.4,0.0
S308,21,T5,1079.1,0.0
S308,22,T3,902.7,0.0
S308,23,T4,742.5,0.0
S308,24,T4,1362.9,0.0
S308,24,T5,6000.0,0.0
S330,1,T2,1030.5,0.7092
S330,2,T8,854.1,0.0
S330,3,T8,1511.1,0.0
S330,4,T4,898.2,0.0
S330,5,T5,1535.4,0.0
S330,6,T3,850.5,0.0
S330,7,T5,1205.1,0.0
S330,8,T5,1092.6,0.0
S330,9,T3,1336.5,0.0
S330,10,T4,964.8,0.24979999999999997
S330,11,T8,1323.0,0.5085
S330,12,T6,819.9,0.018
S330,13,T6,1011.6,0.014800000000000002
S330,14,T4,258.0,0.0
S330,14,T6,1065.9,0.0042
S330,15,T6,1251.0,0.007400000000000001
S330,16,T6,1641.6,0.0169
S330,17,T2,249.6,0.1773
S330,17,T6,862.8,0.0338
S330,18,T3,1051.2,0.0
S330,19,T6,767.7,0.007400000000000001
S330,20,T3,1187.1,0.0
S330,21,T4,1008.9,0.0
S330,22,T4,690.3,0.0
S330,23,T4,1548.0,0.0
S330,24,T3,5964.9,0.0
S330,24,T6,2826.3,0.0
S340,1,T2,125.7,0.7092
S340,1,T6,669.0,0.0106
S340,2,T4,746.1,0.0
S340,3,T5,846.9,0.0
S340,4,T3,636.9,0.0
S340,4,T5,325.2,0.0
S340,5,T1,45.3,1.1194
S340,5,T5,1007.7,0.0
S340,6,T3,1062.9,0.0
S340,7,T5,835.2,0.0
S340,8,T3,841.5,0.0
S340,9,T6,887.4,0.0254
S340,10,T3,808.2,0.0
S340,11,T3,789.3,0.0647
S340,12,T6,684.0,0.018
S340,13,T6,830.7,0.014800000000000002
S340,14,T3,864.0,0.0
S340,15,T4,891.9,0.0598
S340,16,T3,873.0,0.0
S340,17,T3,823.5,0.0971
S340,18,T5,797.4,0.0
S340,19,T6,802.8,0.007400000000000001
S340,20,T5,699.3,0.0
S340,21,T3,729.9,0.0647
S340,22,T4,738.0,0.0
S340,23,T5,796.5,0.0
S346,1,T2,99.0,0.7092
S346,2,T5,106.2,0.0
S346,3,T4,101.7,0.0
S346,4,T5,145.8,0.0
S346,5,T4,118.8,0.0
S346,6,T5,117.9,0.0
S346,7,T4,105.3,0.0
S346,8,T5,99.0,0.0
S346,9,T4,104.4,0.0
S346,10,T3,105.3,0.0
S346,11,T8,89.1,0.5085
S346,12,T8,106.2,0.678
S346,13,T4,102.6,0.0
S346,14,T4,114.3,0.0
S346,15,T3,108.0,0.0324
S346,16,T4,108.9,0.2242
S346,17,T6,99.9,0.0338
S346,18,T3,100.8,0.0
S346,19,T6,108.9,0.007400000000000001
S346,20,T3,96.3,0.0
S346,21,T3,118.8,0.0647
S346,22,T4,124.2,0.0
S346,23,T6,111.6,0.0
S364,1,T2,353.7,0.7092
S364,2,T8,83.7,0.0
S364,3,T6,108.0,0.0454
S364,4,T5,556.2,0.0
S364,5,T4,214.2,0.0
S364,6,T5,105.3,0.0
S364,7,T4,95.4,0.0
S364,8,T4,96.3,0.0
S364,9,T3,92.7,0.0
S364,10,T3,91.8,0.0
S364,11,T8,81.9,0.5085
S364,12,T6,97.2,0.018
S364,13,T4,97.2,0.0
S364,14,T4,91.8,0.0
S364,15,T6,96.3,0.007400000000000001
S364,16,T3,87.3,0.0
S364,17,T2,103.5,0.1773
S364,18,T5,93.6,0.0
S364,19,T4,100.8,0.0
S364,20,T3,103.5,0.0
S364,21,T4,90.0,0.0
S364,22,T4,89.1,0.0
S364,23,T4,105.3,0.0
S367,1,T2,165.6,0.7092
S367,2,T3,57.6,0.0
S367,3,T8,191.7,0.0
S367,4,T3,57.6,0.0
S367,5,T5,231.3,0.0
S367,6,T5,68.4,0.0
S367,7,T4,178.2,0.0
S367,8,T3,55.8,0.0
S367,9,T4,182.7,0.0
S367,10,T6,64.8,0.0254
S367,11,T8,136.8,0.5085
S367,12,T4,63.9,0.0705
S367,13,T4,216.9,0.0
S367,14,T4,75.6,0.0
S367,15,T6,210.6,0.007400000000000001
S367,16,T6,315.0,0.0169
S367,17,T3,537.3,0.0971
S367,18,T5,80.1,0.0
S367,19,T6,176.4,0.007400000000000001
S367,20,T3,69.3,0.0
S367,21,T3,24.9,0.0647
S367,21,T4,138.0,0.0
S367,22,T3,72.9,0.0
S367,23,T4,257.4,0.0
S392,1,T7,4.5,0.9783
S392,2,T3,0.9,0.0
S392,3,T8,5.4,0.0
S392,5,T1,6.3,1.1194
S392,7,T4,4.5,0.0
S392,9,T6,7.2,0.0254
S392,10,T6,1.8,0.0254
S392,11,T8,6.3,0.5085
S392,12,T8,2.7,0.678
S392,13,T4,4.5,0.0
S392,15,T3,9.9,0.0324
S392,16,T4,6.3,0.2242
S392,17,T4,6.3,0.2157
S392,18,T5,0.9,0.0
S392,19,T4,5.4,0.0
S392,20,T5,0.9,0.0
S392,21,T5,3.6,0.0
S392,22,T3,0.9,0.0
S392,23,T6,4.5,0.0
S003,2,T3,34.2,0.0
S003,3,T8,0.9,0.0
S003,5,T8,3.6,1.0169
S003,6,T5,0.9,0.0
S003,8,T3,68.4,0.0
S003,9,T4,348.3,0.0
S003,11,T2,282.6,0.8865
S003,12,T3,156.6,0.0
S003,13,T4,55.8,0.0
S003,14,T4,148.5,0.0
S003,17,T6,178.2,0.0338
S003,18,T5,108.0,0.0
S003,19,T4,48.6,0.0
S003,20,T4,67.5,0.0
S003,22,T3,81.9,0.0
S003,23,T3,106.2,0.1295
S025,1,T5,4.5,0.0
S025,2,T3,0.9,0.0
S025,4,T3,0.9,0.0
S025,6,T3,0.9,0.0
S025,11,T4,6.3,0.2755
S025,12,T3,3.6,0.0
S025,13,T5,4.5,0.0
S025,14,T4,0.9,0.0
S025,15,T3,5.4,0.0324
S025,17,T3,4.5,0.0971
S025,18,T5,1.8,0.0
S025,19,T6,3.6,0.007400000000000001
S025,20,T5,0.9,0.0
S067,5,T4,0.9,0.0
S067,6,T5,1.8,0.0
S067,7,T3,1.8,0.0324
S067,8,T3,1.8,0.0
S067,10,T3,1.8,0.0
S067,11,T4,2.7,0.2755
S067,12,T3,3.6,0.0
S067,13,T4,1.8,0.0
S067,16,T4,1.8,0.2242
S067,17,T3,1.8,0.0971
S067,18,T5,2.7,0.0
S067,19,T3,1.8,0.0324
S067,20,T3,1.8,0.0
S067,21,T3,0.9,0.0647
S067,23,T3,2.7,0.1295
S076,1,T2,4.5,0.7092
S076,2,T3,3.6,0.0
S076,5,T1,3.6,1.1194
S076,8,T3,1.8,0.0
S076,9,T6,3.6,0.0254
S076,11,T3,4.5,0.0647
S076,12,T8,1.8,0.678
S076,13,T4,3.6,0.0
S076,15,T3,2.7,0.0324
S076,16,T6,3.6,0.0169
S076,17,T3,3.6,0.0971
S076,18,T3,1.8,0.0
S076,19,T6,3.6,0.007400000000000001
S076,20,T6,2.7,0.0
S076,21,T3,2.7,0.0647
S076,22,T4,2.7,0.0
S080,1,T5,174.6,0.0
S080,6,T5,36.0,0.0
S080,7,T4,144.9,0.0
S080,9,T6,154.8,0.0254
S080,11,T3,134.1,0.0647
S080,12,T6,32.4,0.018
S080,14,T3,39.6,0.0
S080,16,T3,33.3,0.0
S080,17,T6,158.4,0.0338
S080,18,T6,31.5,0.0042
S080,19,T4,128.7,0.0
S080,21,T4,141.3,0.0
S080,22,T3,28.8,0.0
S080,23,T6,193.5,0.0
S113,2,T4,0.9,0.0
S113,3,T8,3.6,0.0
S113,5,T5,3.6,0.0
S113,6,T5,0.9,0.0
S113,10,T3,0.9,0.0
S113,11,T4,7.2,0.2755
S113,13,T4,6.3,0.0
S113,15,T4,9.9,0.0598
S113,17,T3,5.4,0.0971
S113,18,T5,1.8,0.0
S113,19,T4,5.4,0.0
S113,20,T5,0.9,0.0
S113,21,T5,5.4,0.0
S113,22,T4,0.9,0.0
S151,3,T5,294.6,0.0
S151,3,T8,400.2,0.0
S151,4,T3,671.4,0.0
S151,6,T3,744.3,0.0
S151,7,T5,669.6,0.0
S151,9,T6,783.9,0.0254
S151,10,T6,676.8,0.0254
S151,11,T2,2756.4,0.8865
S151,11,T3,4559.7,0.0647
S151,11,T4,4157.4,0.2755
S151,11,T5,5401.5,0.0
S151,14,T4,685.8,0.0
S151,18,T3,707.4,0.0
S151,19,T6,738.0,0.007400000000000001
S151,20,T6,686.7,0.0
S151,23,T5,910.8,0.0
S194,5,T4,490.5,0.0
S194,7,T3,416.7,0.0324
S194,9,T4,154.2,0.0
S194,9,T6,281.4,0.0254
S194,11,T8,381.6,0.5085
S194,12,T4,435.6,0.0705
S194,17,T2,477.9,0.1773
S194,22,T5,456.3,0.0
S194,23,T4,528.6,0.0
S194,23,T6,3.3,0.0
S213,5,T5,1.8,0.0
S213,7,T5,3.6,0.0
S213,8,T3,1.8,0.0
S213,10,T3,1.8,0.0
S213,11,T4,2.7,0.2755
S213,12,T8,1.8,0.678
S213,13,T4,1.8,0.0
S213,15,T4,1.8,0.0598
S213,16,T3,2.7,0.0
S213,17,T6,1.8,0.0338
S213,18,T5,2.7,0.0
S213,19,T6,1.8,0.007400000000000001
S213,20,T4,1.8,0.0
S213,23,T4,3.6,0.0
S218,2,T8,36.0,0.0
S218,7,T3,120.6,0.0324
S218,9,T6,117.0,0.0254
S218,11,T8,97.2,0.5085
S218,12,T3,34.2,0.0
S218,13,T4,117.0,0.0
S218,14,T4,42.3,0.0
S218,17,T6,108.0,0.0338
S218,18,T5,43.2,0.0
S218,20,T4,42.3,0.0
S218,21,T4,95.4,0.0
S218,23,T5,139.5,0.0
S244,3,T4,34.2,0.0
S244,11,T6,117.0,0.0169
S244,12,T6,87.3,0.018
S244,13,T4,87.3,0.0
S244,16,T6,107.1,0.0169
S244,17,T3,108.9,0.0971
S244,20,T6,151.2,0.0
S244,21,T5,162.0,0.0
S244,22,T3,135.9,0.0
S244,23,T3,144.0,0.1295
S247,2,T4,216.9,0.0
S247,6,T5,300.6,0.0
S247,7,T4,230.4,0.0
S247,11,T8,209.7,0.5085
S247,12,T6,245.7,0.018
S247,18,T5,268.2,0.0
S247,19,T3,13.8,0.0324
S247,19,T4,227.4,0.0
S247,21,T5,269.1,0.0
S247,22,T3,260.1,0.0
S268,7,T4,506.7,0.0
S268,9,T4,544.5,0.0
S268,11,T8,473.4,0.5085
S268,14,T3,568.8,0.0
S268,17,T2,580.5,0.1773
S268,18,T5,554.4,0.0
S268,20,T3,563.4,0.0
S268,23,T6,646.2,0.0
S284,2,T5,95.4,0.0
S284,5,T3,189.9,0.1295
S284,6,T3,315.0,0.0
S284,7,T4,445.5,0.0
S284,9,T4,254.7,0.0
S284,11,T6,284.4,0.0169
S284,12,T3,249.6,0.0
S284,12,T6,89.7,0.018
S284,13,T4,291.6,0.0
S284,15,T3,333.0,0.0324
S284,17,T6,469.8,0.0338
S284,22,T4,292.5,0.0
S294,2,T3,73.8,0.0
S294,3,T4,88.2,0.0
S294,4,T4,89.1,0.0
S294,7,T5,81.9,0.0
S294,8,T3,84.6,0.0
S294,9,T6,87.3,0.0254
S294,11,T8,76.5,0.5085
S294,13,T4,82.8,0.0
S294,14,T4,86.4,0.0
S294,15,T6,90.9,0.007400000000000001
S294,19,T6,90.0,0.007400000000000001
S294,20,T3,94.5,0.0
S294,21,T4,82.8,0.0
S294,22,T3,85.5,0.0
S306,1,T2,498.6,0.7092
S306,2,T8,396.9,0.0
S306,4,T8,389.7,0.0
S306,5,T5,510.3,0.0
S306,6,T3,487.8,0.0
S306,7,T4,420.3,0.0
S306,11,T4,695.7,0.2755
S306,13,T4,438.6,0.0
S306,13,T6,193.2,0.014800000000000002
S306,21,T5,630.0,0.0
S306,23,T5,726.3,0.0
S356,2,T5,384.3,0.0
S356,3,T5,369.9,0.0
S356,4,T3,310.5,0.0
S356,5,T4,260.1,0.0
S356,6,T5,185.4,0.0
S356,7,T3,342.0,0.0324
S356,8,T3,731.7,0.0
S356,9,T6,774.0,0.0254
S356,11,T2,894.6,0.8865
S356,20,T5,1230.3,0.0
S356,21,T4,1338.3,0.0
S356,23,T6,1133.1,0.0
S361,4,T3,2124.0,0.0
S361,5,T1,1307.1,1.1194
S361,5,T4,864.6,0.0
S361,6,T4,578.1,0.0
S361,6,T5,1260.6,0.0
S361,7,T4,1656.9,0.0
S361,8,T4,1672.2,0.0
S361,9,T3,1953.0,0.0
S361,10,T6,1981.8,0.0254
S361,11,T6,1426.5,0.0169
S361,12,T6,1971.9,0.018
S361,13,T5,1587.6,0.0
S361,15,T3,1200.0,0.0324
S361,15,T4,390.3,0.0598
S361,16,T3,1149.0,0.0
S361,16,T4,1236.0,0.2242
S361,23,T4,872.4,0.0
S361,23,T5,1608.9,0.0
S365,2,T8,342.9,0.0
S365,3,T8,336.6,0.0
S365,4,T3,296.1,0.0
S365,5,T4,216.0,0.0
S365,6,T5,178.2,0.0
S365,7,T4,149.4,0.0
S365,9,T6,160.2,0.0254
S365,11,T8,144.0,0.5085
S365,12,T8,153.9,0.678
S365,14,T4,166.5,0.0
S365,15,T3,184.5,0.0324
S365,17,T6,162.0,0.0338
S365,18,T3,72.3,0.0
S365,18,T6,87.0,0.0042
S365,19,T4,147.6,0.0
S365,20,T5,150.3,0.0
S365,21,T3,147.6,0.0647
S365,22,T5,160.2,0.0
