wavelength,ipRGC,bright-vision-curve,dark-vision-curve
380, 0.000918, 0.000040, 0.000590
381, 0.001044, 0.000043, 0.000656
382, 0.001177, 0.000046, 0.000735
383, 0.001320, 0.000049, 0.000830
384, 0.001482, 0.000054, 0.000944
385, 0.001667, 0.000060, 0.001080
386, 0.001881, 0.000069, 0.001242
387, 0.002128, 0.000080, 0.001433
388, 0.002410, 0.000092, 0.001655
389, 0.002732, 0.000106, 0.001913
390, 0.003094, 0.000120, 0.002210
391, 0.003504, 0.000135, 0.002550
392, 0.003973, 0.000151, 0.002941
393, 0.004516, 0.000169, 0.003395
394, 0.005147, 0.000191, 0.003921
395, 0.005880, 0.000217, 0.004530
396, 0.006730, 0.000249, 0.005232
397, 0.007703, 0.000284, 0.006044
398, 0.008806, 0.000323, 0.006980
399, 0.010045, 0.000362, 0.008056
400, 0.011428, 0.000400, 0.009290
401, 0.012976, 0.000437, 0.010698
402, 0.014782, 0.000475, 0.012301
403, 0.016951, 0.000520, 0.014124
404, 0.019592, 0.000573, 0.016189
405, 0.022811, 0.000640, 0.018520
406, 0.026675, 0.000723, 0.021138
407, 0.031082, 0.000823, 0.024063
408, 0.035893, 0.000938, 0.027310
409, 0.040964, 0.001067, 0.030896
410, 0.046155, 0.001210, 0.034840
411, 0.051408, 0.001366, 0.039157
412, 0.057003, 0.001537, 0.043859
413, 0.063303, 0.001727, 0.048959
414, 0.070673, 0.001941, 0.054469
415, 0.079477, 0.002180, 0.060400
416, 0.089913, 0.002450, 0.066763
417, 0.101528, 0.002758, 0.073562
418, 0.113700, 0.003113, 0.080799
419, 0.125810, 0.003524, 0.088478
420, 0.137237, 0.004000, 0.096600
421, 0.147560, 0.004546, 0.105170
422, 0.157145, 0.005157, 0.114160
423, 0.166553, 0.005826, 0.123580
424, 0.176349, 0.006543, 0.133390
425, 0.187096, 0.007300, 0.143600
426, 0.199190, 0.008091, 0.154180
427, 0.212355, 0.008916, 0.165110
428, 0.226151, 0.009775, 0.176370
429, 0.240135, 0.010669, 0.187940
430, 0.253865, 0.011600, 0.199800
431, 0.267040, 0.012569, 0.211930
432, 0.279914, 0.013576, 0.224290
433, 0.292882, 0.014623, 0.236860
434, 0.306339, 0.015710, 0.249610
435, 0.320679, 0.016840, 0.262500
436, 0.336155, 0.018011, 0.275510
437, 0.352447, 0.019219, 0.288600
438, 0.369091, 0.020457, 0.301750
439, 0.385625, 0.021720, 0.314920
440, 0.401587, 0.023000, 0.328100
441, 0.416652, 0.024295, 0.341250
442, 0.431054, 0.025612, 0.354340
443, 0.445165, 0.026962, 0.367370
444, 0.459357, 0.028354, 0.380290
445, 0.474002, 0.029800, 0.393100
446, 0.489366, 0.031308, 0.405770
447, 0.505287, 0.032880, 0.418300
448, 0.521498, 0.034519, 0.430680
449, 0.537730, 0.036225, 0.442910
450, 0.553715, 0.038000, 0.455000
451, 0.569258, 0.039846, 0.466930
452, 0.584455, 0.041765, 0.478710
453, 0.599475, 0.043762, 0.490310
454, 0.614485, 0.045839, 0.501750
455, 0.629654, 0.048000, 0.513000
456, 0.645105, 0.050247, 0.524070
457, 0.660777, 0.052576, 0.534980
458, 0.676563, 0.054982, 0.545760
459, 0.692356, 0.057458, 0.556420
460, 0.708049, 0.060000, 0.567000
461, 0.723566, 0.062605, 0.577530
462, 0.738960, 0.065283, 0.588040
463, 0.754311, 0.068049, 0.598600
464, 0.769702, 0.070917, 0.609230
465, 0.785216, 0.073900, 0.620000
466, 0.800877, 0.077012, 0.630940
467, 0.816479, 0.080266, 0.642030
468, 0.831757, 0.083671, 0.653250
469, 0.846449, 0.087238, 0.664580
470, 0.860291, 0.090980, 0.676000
471, 0.873100, 0.094906, 0.687490
472, 0.885021, 0.099024, 0.699030
473, 0.896282, 0.103341, 0.710630
474, 0.907111, 0.107864, 0.722290
475, 0.917734, 0.112600, 0.734000
476, 0.928297, 0.117550, 0.745760
477, 0.938624, 0.122694, 0.757550
478, 0.948456, 0.128004, 0.769360
479, 0.957536, 0.133455, 0.781180
480, 0.965605, 0.139020, 0.793000
481, 0.972476, 0.144685, 0.804800
482, 0.978246, 0.150492, 0.816530
483, 0.983082, 0.156494, 0.828170
484, 0.987152, 0.162746, 0.839680
485, 0.990621, 0.169300, 0.851000
486, 0.993620, 0.176208, 0.862110
487, 0.996122, 0.183503, 0.872990
488, 0.998063, 0.191216, 0.883600
489, 0.999377, 0.199379, 0.893950
490, 1.000000, 0.208020, 0.904000
491, 0.999880, 0.217164, 0.913740
492, 0.999013, 0.226806, 0.923130
493, 0.997408, 0.236934, 0.932160
494, 0.995075, 0.247536, 0.940790
495, 0.992022, 0.258600, 0.949000
496, 0.988256, 0.270135, 0.956750
497, 0.983773, 0.282232, 0.963980
498, 0.978566, 0.295001, 0.970650
499, 0.972628, 0.308553, 0.976670
500, 0.965952, 0.323000, 0.982000
501, 0.958539, 0.338410, 0.986590
502, 0.950425, 0.354686, 0.990450
503, 0.941651, 0.371686, 0.993620
504, 0.932262, 0.389271, 0.996120
505, 0.922299, 0.407300, 0.998000
506, 0.911785, 0.425663, 0.999260
507, 0.900664, 0.444372, 0.999860
508, 0.888859, 0.463470, 0.999730
509, 0.876292, 0.482998, 0.998800
510, 0.862888, 0.503000, 0.997000
511, 0.848606, 0.523490, 0.994280
512, 0.833555, 0.544376, 0.990680
513, 0.817879, 0.565537, 0.986230
514, 0.801723, 0.586851, 0.980990
515, 0.785233, 0.608200, 0.975000
516, 0.768529, 0.629452, 0.968300
517, 0.751625, 0.650438, 0.960930
518, 0.734514, 0.670977, 0.952900
519, 0.717184, 0.690891, 0.944250
520, 0.699628, 0.710000, 0.935000
521, 0.681846, 0.728172, 0.925170
522, 0.663880, 0.745469, 0.914770
523, 0.645785, 0.761999, 0.903780
524, 0.627615, 0.777873, 0.892190
525, 0.609422, 0.793200, 0.880000
526, 0.591255, 0.808061, 0.867210
527, 0.573140, 0.822428, 0.853860
528, 0.555097, 0.836245, 0.840010
529, 0.537147, 0.849454, 0.825700
530, 0.519309, 0.862000, 0.811000
531, 0.501604, 0.873843, 0.795950
532, 0.484053, 0.885007, 0.780590
533, 0.466677, 0.895536, 0.764950
534, 0.449497, 0.905469, 0.749080
535, 0.432533, 0.914850, 0.733000
536, 0.415808, 0.923712, 0.716750
537, 0.399341, 0.932061, 0.700330
538, 0.383154, 0.939893, 0.683730
539, 0.367269, 0.947207, 0.666960
540, 0.351707, 0.954000, 0.650000
541, 0.336487, 0.960271, 0.632870
542, 0.321615, 0.966028, 0.615630
543, 0.307096, 0.971279, 0.598350
544, 0.292935, 0.976033, 0.581120
545, 0.279135, 0.980300, 0.564000
546, 0.265702, 0.984091, 0.547060
547, 0.252640, 0.987428, 0.530300
548, 0.239953, 0.990334, 0.513710
549, 0.227646, 0.992833, 0.497280
550, 0.215722, 0.994950, 0.481000
551, 0.204188, 0.996703, 0.464860
552, 0.193048, 0.998091, 0.448870
553, 0.182308, 0.999107, 0.433050
554, 0.171976, 0.999746, 0.417420
555, 0.162056, 1.000000, 0.402000
556, 0.152552, 0.999861, 0.386800
557, 0.143458, 0.999312, 0.371860
558, 0.134762, 0.998331, 0.357190
559, 0.126455, 0.996901, 0.342830
560, 0.118526, 0.995000, 0.328800
561, 0.110966, 0.992616, 0.315120
562, 0.103772, 0.989762, 0.301800
563, 0.096939, 0.986461, 0.288820
564, 0.090465, 0.982733, 0.276190
565, 0.084346, 0.978600, 0.263900
566, 0.078576, 0.974078, 0.251950
567, 0.073143, 0.969164, 0.240330
568, 0.068030, 0.963851, 0.229060
569, 0.063221, 0.958132, 0.218150
570, 0.058701, 0.952000, 0.207600
571, 0.054455, 0.945451, 0.197410
572, 0.050473, 0.938499, 0.187580
573, 0.046744, 0.931162, 0.178110
574, 0.043259, 0.923456, 0.168980
575, 0.040009, 0.915400, 0.160200
576, 0.036983, 0.907007, 0.151750
577, 0.034169, 0.898275, 0.143630
578, 0.031555, 0.889200, 0.135840
579, 0.029127, 0.879777, 0.128360
580, 0.026875, 0.870000, 0.121200
581, 0.024785, 0.859869, 0.114340
582, 0.022848, 0.849407, 0.107790
583, 0.021054, 0.838640, 0.101540
584, 0.019396, 0.827595, 0.095575
585, 0.017862, 0.816300, 0.089900
586, 0.016446, 0.804781, 0.084506
587, 0.015138, 0.793065, 0.079382
588, 0.013931, 0.781178, 0.074515
589, 0.012818, 0.769148, 0.069892
590, 0.011790, 0.757000, 0.065500
591, 0.010841, 0.744758, 0.061329
592, 0.009966, 0.732426, 0.057379
593, 0.009159, 0.720005, 0.053655
594, 0.008417, 0.707496, 0.050161
595, 0.007734, 0.694900, 0.046900
596, 0.007107, 0.682220, 0.043870
597, 0.006530, 0.669473, 0.041046
598, 0.006000, 0.656674, 0.038397
599, 0.005514, 0.643844, 0.035892
600, 0.005067, 0.631000, 0.033500
601, 0.004655, 0.618157, 0.031198
602, 0.004277, 0.605316, 0.028992
603, 0.003930, 0.592477, 0.026897
604, 0.003611, 0.579639, 0.024928
605, 0.003318, 0.566800, 0.023100
606, 0.003049, 0.553963, 0.021422
607, 0.002802, 0.541143, 0.019882
608, 0.002575, 0.528363, 0.018465
609, 0.002368, 0.515642, 0.017153
610, 0.002177, 0.503000, 0.015930
611, 0.002002, 0.490454, 0.014782
612, 0.001841, 0.478004, 0.013705
613, 0.001693, 0.465648, 0.012697
614, 0.001558, 0.453381, 0.011756
615, 0.001433, 0.441200, 0.010880
616, 0.001319, 0.429098, 0.010067
617, 0.001214, 0.417054, 0.009314
618, 0.001117, 0.405040, 0.008616
619, 0.001029, 0.393031, 0.007970
620, 0.000947, 0.381000, 0.007370
621, 0.000872, 0.368933, 0.006814
622, 0.000803, 0.356859, 0.006298
623, 0.000740, 0.344818, 0.005820
624, 0.000681, 0.332852, 0.005378
625, 0.000628, 0.321000, 0.004970
626, 0.000578, 0.309304, 0.004593
627, 0.000533, 0.297810, 0.004245
628, 0.000491, 0.286564, 0.003924
629, 0.000453, 0.275612, 0.003626
630, 0.000418, 0.265000, 0.003350
631, 0.000386, 0.254761, 0.003093
632, 0.000356, 0.244876, 0.002855
633, 0.000328, 0.235310, 0.002633
634, 0.000303, 0.226029, 0.002429
635, 0.000280, 0.217000, 0.002240
636, 0.000258, 0.208194, 0.002066
637, 0.000239, 0.199598, 0.001906
638, 0.000220, 0.191205, 0.001759
639, 0.000204, 0.183009, 0.001624
640, 0.000188, 0.175000, 0.001500
641, 0.000174, 0.167176, 0.001386
642, 0.000161, 0.159548, 0.001280
643, 0.000149, 0.152133, 0.001183
644, 0.000138, 0.144945, 0.001093
645, 0.000127, 0.138000, 0.001010
646, 0.000118, 0.131310, 0.000933
647, 0.000109, 0.124873, 0.000862
648, 0.000101, 0.118680, 0.000796
649, 0.000093, 0.112725, 0.000736
650, 0.000087, 0.107000, 0.000680
651, 0.000080, 0.101499, 0.000629
652, 0.000074, 0.096215, 0.000581
653, 0.000069, 0.091142, 0.000538
654, 0.000064, 0.086272, 0.000497
655, 0.000059, 0.081600, 0.000460
656, 0.000055, 0.077118, 0.000425
657, 0.000051, 0.072823, 0.000393
658, 0.000047, 0.068707, 0.000363
659, 0.000044, 0.064768, 0.000336
660, 0.000041, 0.061000, 0.000310
661, 0.000038, 0.057398, 0.000286
662, 0.000035, 0.053959, 0.000264
663, 0.000033, 0.050678, 0.000244
664, 0.000030, 0.047553, 0.000226
665, 0.000028, 0.044580, 0.000210
666, 0.000026, 0.041756, 0.000196
667, 0.000024, 0.039083, 0.000183
668, 0.000023, 0.036565, 0.000172
669, 0.000021, 0.034203, 0.000161
670, 0.000020, 0.032000, 0.000150
671, 0.000018, 0.029958, 0.000139
672, 0.000017, 0.028067, 0.000129
673, 0.000016, 0.026318, 0.000118
674, 0.000015, 0.024699, 0.000109
675, 0.000014, 0.023200, 0.000100
676, 0.000013, 0.021810, 0.000092
677, 0.000012, 0.020512, 0.000086
678, 0.000011, 0.019289, 0.000080
679, 0.000010, 0.018124, 0.000075
680, 0.000010, 0.017000, 0.000070
681, 0.000009, 0.015904, 0.000065
682, 0.000008, 0.014840, 0.000061
683, 0.000008, 0.013816, 0.000057
684, 0.000007, 0.012840, 0.000053
685, 0.000007, 0.011920, 0.000050
686, 0.000006, 0.011062, 0.000047
687, 0.000006, 0.010266, 0.000045
688, 0.000005, 0.009527, 0.000043
689, 0.000005, 0.008843, 0.000042
690, 0.000005, 0.008210, 0.000040
691, 0.000004, 0.007626, 0.000038
692, 0.000004, 0.007087, 0.000036
693, 0.000004, 0.006592, 0.000034
694, 0.000004, 0.006138, 0.000032
695, 0.000003, 0.005723, 0.000030
696, 0.000003, 0.005344, 0.000028
697, 0.000003, 0.004997, 0.000026
698, 0.000003, 0.004677, 0.000024
699, 0.000003, 0.004380, 0.000022
700, 0.000002, 0.004102, 0.000020
701, 0.000002, 0.003839, 0.000018
702, 0.000002, 0.003590, 0.000015
703, 0.000002, 0.003355, 0.000013
704, 0.000002, 0.003135, 0.000011
705, 0.000002, 0.002929, 0.000010
706, 0.000002, 0.002737, 0.000009
707, 0.000002, 0.002559, 0.000009
708, 0.000001, 0.002392, 0.000009
709, 0.000001, 0.002237, 0.000009
710, 0.000001, 0.002091, 0.000010
711, 0.000001, 0.001954, 0.000011
712, 0.000001, 0.001825, 0.000011
713, 0.000001, 0.001704, 0.000011
714, 0.000001, 0.001590, 0.000011
715, 0.000001, 0.001484, 0.000010
716, 0.000001, 0.001384, 0.000008
717, 0.000001, 0.001291, 0.000006
718, 0.000001, 0.001204, 0.000004
719, 0.000001, 0.001123, 0.000002
720, 0.000001, 0.001047, 0.000000
721, 0.000001, 0.000977, 0.000000
722, 0.000001, 0.000911, 0.000000
723, 0.000001, 0.000850, 0.000000
724, 0.000001, 0.000793, 0.000000
725, 0.000000, 0.000740, 0.000000
726, 0.000000, 0.000690, 0.000000
727, 0.000000, 0.000643, 0.000000
728, 0.000000, 0.000600, 0.000000
729, 0.000000, 0.000559, 0.000000
730, 0.000000, 0.000520, 0.000000
731, 0.000000, 0.000484, 0.000000
732, 0.000000, 0.000450, 0.000000
733, 0.000000, 0.000418, 0.000000
734, 0.000000, 0.000389, 0.000000
735, 0.000000, 0.000361, 0.000000
736, 0.000000, 0.000335, 0.000000
737, 0.000000, 0.000311, 0.000000
738, 0.000000, 0.000289, 0.000000
739, 0.000000, 0.000268, 0.000000
740, 0.000000, 0.000249, 0.000000
741, 0.000000, 0.000231, 0.000000
742, 0.000000, 0.000215, 0.000000
743, 0.000000, 0.000199, 0.000000
744, 0.000000, 0.000185, 0.000000
745, 0.000000, 0.000172, 0.000000
746, 0.000000, 0.000160, 0.000000
747, 0.000000, 0.000149, 0.000000
748, 0.000000, 0.000138, 0.000000
749, 0.000000, 0.000129, 0.000000
750, 0.000000, 0.000120, 0.000000
751, 0.000000, 0.000112, 0.000000
752, 0.000000, 0.000104, 0.000000
753, 0.000000, 0.000097, 0.000000
754, 0.000000, 0.000091, 0.000000
755, 0.000000, 0.000085, 0.000000
756, 0.000000, 0.000079, 0.000000
757, 0.000000, 0.000074, 0.000000
758, 0.000000, 0.000069, 0.000000
759, 0.000000, 0.000064, 0.000000
760, 0.000000, 0.000060, 0.000000
761, 0.000000, 0.000056, 0.000000
762, 0.000000, 0.000052, 0.000000
763, 0.000000, 0.000049, 0.000000
764, 0.000000, 0.000045, 0.000000
765, 0.000000, 0.000042, 0.000000
766, 0.000000, 0.000040, 0.000000
767, 0.000000, 0.000037, 0.000000
768, 0.000000, 0.000034, 0.000000
769, 0.000000, 0.000032, 0.000000
770, 0.000000, 0.000030, 0.000000
771, 0.000000, 0.000028, 0.000000
772, 0.000000, 0.000026, 0.000000
773, 0.000000, 0.000024, 0.000000
774, 0.000000, 0.000023, 0.000000
775, 0.000000, 0.000021, 0.000000
776, 0.000000, 0.000020, 0.000000
777, 0.000000, 0.000018, 0.000000
778, 0.000000, 0.000017, 0.000000
779, 0.000000, 0.000016, 0.000000
780, 0.000000, 0.000015, 0.000000